original_image,image_path,ดุสิต,หนองจอก,พระนคร,บางรัก,บางเขน,บางกะปิ,ปทุมวัน,ป้อมปราบศัตรูพ่าย,พระโขนง,มีนบุรี,ลาดกระบัง,ยานนาวา,สัมพันธวงศ์,พญาไท,ธนบุรี,บางกอกใหญ่,ห้วยขวาง,คลองสาน,ตลิ่งชัน,บางกอกน้อย,บางขุนเทียน,ภาษีเจริญ,หนองแขม,ราษฎร์บูรณะ,บางพลัด,ดินแดง,บึงกุ่ม,สาทร,บางซื่อ,จตุจักร,บางคอแหลม,ประเวศ,คลองเตย,สวนหลวง,จอมทอง,ดอนเมือง,ราชเทวี,ลาดพร้าว,วัฒนา,บางแค,หลักสี่,สายไหม,คันนายาว,สะพานสูง,วังทองหลาง,คลองสามวา,บางนา,ทวีวัฒนา,ทุ่งครุ,บางบอน
radar_caption/central/history/2026/20260525_040000.webp,radar_caption/central/history/2026/20260525_040000/n_image001.png,0,0,0,0,1,0,0,0,1,0,0,0,0,0,0,0,0,0,0,0,0,0,0,0,0,0,1,0,0,0,0,1,0,1,0,0,0,0,0,0,0,0,0,0,0,0,1,0,0,0
radar_caption/central/history/2026/20260525_040000.webp,radar_caption/central/history/2026/20260525_040000/n_image002.png,0,0,0,0,0,0,0,0,1,0,0,0,0,0,0,0,0,0,0,0,0,0,0,0,0,0,0,0,0,0,0,1,0,1,0,0,0,0,0,0,0,0,0,0,0,0,1,0,0,0
radar_caption/central/history/2026/20260525_040000.webp,radar_caption/central/history/2026/20260525_040000/n_image003.png,0,0,0,0,0,0,0,0,1,0,1,0,0,0,0,0,0,0,0,0,0,0,0,0,0,0,0,0,0,0,0,1,0,1,0,0,0,0,0,0,0,0,0,0,0,0,1,0,0,0
radar_caption/central/history/2026/20260525_040000.webp,radar_caption/central/history/2026/20260525_040000/n_image004.png,0,0,0,0,0,0,0,0,1,0,1,0,0,0,0,0,0,0,0,0,0,0,0,0,0,0,0,0,0,0,0,1,0,1,0,0,0,0,0,0,0,0,0,0,0,0,0,0,0,0
radar_caption/central/history/2026/20260525_040000.webp,radar_caption/central/history/2026/20260525_040000/n_image005.png,0,0,0,0,0,0,0,0,0,0,1,0,0,0,0,0,0,0,0,0,0,0,0,0,0,0,0,0,0,0,0,1,0,1,0,0,0,0,0,0,0,0,0,0,0,0,0,0,0,0
radar_caption/central/history/2026/20260525_040000.webp,radar_caption/central/history/2026/20260525_040000/n_image006.png,0,0,0,0,0,0,0,0,0,0,1,0,0,0,0,0,0,0,0,0,0,0,0,0,0,0,0,0,0,0,0,1,0,0,0,0,0,0,0,0,0,0,0,1,0,0,0,0,0,0
radar_caption/central/history/2026/20260525_040000.webp,radar_caption/central/history/2026/20260525_040000/n_image007.png,0,0,0,0,0,0,0,0,0,0,1,0,0,0,0,0,0,0,0,0,0,0,0,0,0,0,0,0,0,0,0,0,0,0,0,0,0,0,0,0,0,0,0,1,0,0,0,0,0,0
radar_caption/central/history/2026/20260525_040000.webp,radar_caption/central/history/2026/20260525_040000/n_image008.png,0,0,0,0,0,0,0,0,0,0,1,0,0,0,0,0,0,0,0,0,0,0,0,0,0,0,0,0,0,0,0,0,0,0,0,0,0,0,0,0,0,0,0,1,0,0,0,0,0,0
radar_caption/central/history/2026/20260525_040000.webp,radar_caption/central/history/2026/20260525_040000/n_image009.png,0,0,0,0,0,0,0,0,0,0,1,0,0,1,0,0,0,0,0,0,0,0,0,0,0,1,0,0,0,0,0,0,0,0,0,0,0,0,0,0,0,0,0,1,0,0,0,0,0,0
radar_caption/central/history/2026/20260525_040000.webp,radar_caption/central/history/2026/20260525_040000/n_image010.png,0,0,0,0,0,0,0,0,1,0,1,0,0,1,0,0,0,0,0,0,0,0,0,0,0,0,0,0,0,1,0,0,0,0,0,0,0,0,0,0,0,0,0,0,0,0,0,0,0,0
radar_caption/central/history/2026/20260525_040000.webp,radar_caption/central/history/2026/20260525_040000/n_image011.png,0,0,0,0,0,0,0,0,1,0,0,0,0,0,0,0,0,0,0,0,0,0,0,0,0,0,0,0,0,1,0,0,0,1,0,0,0,0,0,0,0,0,0,0,0,0,0,0,0,0
radar_caption/central/history/2026/20260525_040000.webp,radar_caption/central/history/2026/20260525_040000/n_image012.png,0,0,0,0,0,0,0,0,0,0,0,0,0,0,0,0,0,0,0,0,0,0,0,0,0,0,0,0,0,0,0,0,0,1,0,0,0,0,0,0,0,0,0,0,0,0,0,0,0,0
radar_caption/central/history/2026/20260527_030000.webp,radar_caption/central/history/2026/20260527_030000/n_image001.png,0,0,0,0,0,0,0,0,0,0,0,0,0,0,0,0,0,0,0,0,0,0,0,0,0,0,0,0,0,0,0,0,0,0,0,0,0,0,0,0,0,0,0,0,0,0,0,0,0,0
radar_caption/central/history/2026/20260527_030000.webp,radar_caption/central/history/2026/20260527_030000/n_image002.png,0,0,0,0,0,0,0,0,0,0,0,0,0,0,0,0,0,0,0,0,0,0,0,0,0,0,0,0,0,0,0,0,0,0,0,0,0,0,0,0,0,0,0,0,0,0,0,0,0,0
radar_caption/central/history/2026/20260527_030000.webp,radar_caption/central/history/2026/20260527_030000/n_image003.png,0,0,0,0,0,0,0,0,0,0,0,0,0,0,0,0,0,0,0,0,0,0,0,0,0,0,0,0,0,0,0,0,0,0,0,0,0,0,0,0,0,0,0,0,0,0,0,0,0,0
radar_caption/central/history/2026/20260527_030000.webp,radar_caption/central/history/2026/20260527_030000/n_image004.png,0,0,0,0,0,0,0,0,0,0,0,0,0,0,0,0,0,0,0,0,0,0,0,0,0,0,0,0,0,0,0,0,0,0,0,0,0,0,0,0,0,0,0,0,0,0,0,0,0,0
radar_caption/central/history/2026/20260527_030000.webp,radar_caption/central/history/2026/20260527_030000/n_image005.png,0,0,0,0,0,0,0,0,0,0,0,0,0,0,0,0,0,0,0,0,0,0,0,0,0,0,0,0,0,0,0,1,0,0,0,0,0,0,0,0,0,0,0,0,0,0,0,0,0,0
radar_caption/central/history/2026/20260527_030000.webp,radar_caption/central/history/2026/20260527_030000/n_image006.png,0,0,0,0,0,0,0,0,0,0,1,0,0,0,0,0,0,0,0,0,0,0,0,0,0,0,0,0,0,0,0,1,0,0,0,0,0,0,0,0,0,0,0,0,0,0,0,0,0,0
radar_caption/central/history/2026/20260527_030000.webp,radar_caption/central/history/2026/20260527_030000/n_image007.png,0,0,0,0,0,0,0,0,0,1,1,0,0,0,0,0,0,0,0,0,0,0,0,0,0,0,0,0,0,0,0,1,0,0,0,0,0,0,0,0,0,0,0,1,0,0,0,0,0,0
radar_caption/central/history/2026/20260527_030000.webp,radar_caption/central/history/2026/20260527_030000/n_image008.png,0,0,0,0,0,0,0,0,0,1,1,0,0,0,0,0,0,0,0,0,0,0,0,0,0,0,0,0,0,0,0,1,0,0,0,0,0,0,0,0,0,0,0,1,0,0,0,0,0,0
radar_caption/central/history/2026/20260527_030000.webp,radar_caption/central/history/2026/20260527_030000/n_image009.png,0,0,0,0,0,0,0,0,0,1,1,0,0,0,0,0,0,0,0,0,0,0,0,0,0,0,0,0,0,0,0,1,0,0,0,0,0,0,0,0,0,0,0,1,0,0,0,0,0,0
radar_caption/central/history/2026/20260527_030000.webp,radar_caption/central/history/2026/20260527_030000/n_image010.png,0,0,0,0,0,0,0,0,0,0,1,1,0,0,0,0,0,0,0,0,0,0,0,0,0,0,0,0,0,0,0,1,1,0,0,0,0,0,0,0,0,0,0,1,0,0,0,0,0,0
radar_caption/central/history/2026/20260527_030000.webp,radar_caption/central/history/2026/20260527_030000/n_image011.png,0,0,0,0,0,0,0,0,0,0,0,1,0,0,0,0,0,0,0,0,0,0,0,0,0,0,0,0,0,0,0,1,0,0,0,0,0,0,0,0,0,0,0,0,0,0,1,0,0,0
radar_caption/central/history/2026/20260527_030000.webp,radar_caption/central/history/2026/20260527_030000/n_image012.png,0,0,0,0,0,0,0,0,0,0,0,1,0,0,0,0,0,0,0,0,0,0,0,0,0,0,0,0,0,0,0,1,0,0,0,0,0,0,0,0,0,0,0,0,0,0,1,0,0,0
radar_caption/central/history/2026/20260527_020002.webp,radar_caption/central/history/2026/20260527_020002/n_image001.png,0,0,0,0,0,0,0,0,1,1,1,1,0,0,0,0,0,0,0,0,1,0,0,1,0,0,0,0,0,0,1,1,0,1,0,0,0,0,0,0,0,0,0,1,0,0,1,0,0,0
radar_caption/central/history/2026/20260527_020002.webp,radar_caption/central/history/2026/20260527_020002/n_image002.png,0,0,0,0,0,0,0,0,1,1,1,1,0,0,0,0,0,0,0,0,1,0,0,1,0,0,0,0,0,0,1,1,0,1,0,0,0,0,0,0,0,0,0,1,0,0,1,0,0,0
radar_caption/central/history/2026/20260527_020002.webp,radar_caption/central/history/2026/20260527_020002/n_image003.png,0,0,0,0,0,0,0,0,1,1,1,1,0,0,0,0,0,0,0,0,1,0,0,1,0,0,0,0,0,0,1,1,0,1,0,0,0,0,0,0,0,0,0,1,0,0,1,0,0,0
radar_caption/central/history/2026/20260527_020002.webp,radar_caption/central/history/2026/20260527_020002/n_image004.png,0,0,0,0,0,0,0,0,0,1,1,0,0,0,0,0,0,0,0,0,1,0,0,0,0,0,0,0,0,0,0,1,0,1,0,0,0,0,0,0,0,0,0,1,0,0,1,0,0,0
radar_caption/central/history/2026/20260527_020002.webp,radar_caption/central/history/2026/20260527_020002/n_image005.png,0,0,0,0,0,0,0,0,0,0,1,0,0,0,0,0,0,0,0,0,1,0,0,0,0,0,0,0,0,0,0,1,0,0,0,0,0,0,0,0,0,0,0,1,0,0,1,0,0,0
radar_caption/central/history/2026/20260527_020002.webp,radar_caption/central/history/2026/20260527_020002/n_image006.png,0,0,0,0,0,0,0,0,0,0,1,0,0,0,0,0,0,0,0,0,1,0,0,0,0,0,0,0,0,0,0,1,0,0,0,0,0,0,0,0,0,0,0,0,0,0,1,0,0,0
radar_caption/central/history/2026/20260527_020002.webp,radar_caption/central/history/2026/20260527_020002/n_image007.png,0,0,0,0,0,0,0,0,0,0,1,0,0,0,0,0,0,0,0,0,1,0,0,0,0,0,0,0,0,0,0,1,0,0,0,0,0,0,0,0,0,0,0,0,0,0,1,0,0,0
radar_caption/central/history/2026/20260527_020002.webp,radar_caption/central/history/2026/20260527_020002/n_image008.png,0,0,0,0,0,0,0,0,0,0,1,0,0,0,0,0,0,0,0,0,1,0,0,0,0,0,0,0,0,0,0,1,0,0,0,0,0,0,0,0,0,0,0,0,0,0,0,0,0,0
radar_caption/central/history/2026/20260527_020002.webp,radar_caption/central/history/2026/20260527_020002/n_image009.png,0,0,0,0,0,0,0,0,0,0,1,0,0,0,0,0,0,0,0,0,1,0,0,0,0,0,0,0,0,0,0,1,0,0,0,0,0,0,0,0,0,0,0,0,0,0,0,0,0,0
radar_caption/central/history/2026/20260527_020002.webp,radar_caption/central/history/2026/20260527_020002/n_image010.png,0,0,0,0,0,0,0,0,0,0,1,0,0,0,0,0,0,0,0,0,0,0,0,0,0,0,0,0,0,0,0,0,0,0,0,0,0,0,0,0,0,0,0,0,0,0,0,0,0,0
radar_caption/central/history/2026/20260527_020002.webp,radar_caption/central/history/2026/20260527_020002/n_image011.png,0,0,0,0,0,0,0,0,0,0,1,0,0,0,0,0,0,0,0,0,0,0,0,0,0,0,0,0,0,0,0,0,0,0,0,0,0,0,0,0,0,0,0,0,0,0,0,0,0,0
radar_caption/central/history/2026/20260527_020002.webp,radar_caption/central/history/2026/20260527_020002/n_image012.png,0,0,0,0,0,0,0,0,0,0,0,0,0,0,0,0,0,0,0,0,0,0,0,0,0,0,0,0,0,0,0,0,0,0,0,0,0,0,0,0,0,0,0,0,0,0,0,0,0,0
